"","mean","sd","max","min"
"Deviance",0.983297560706423,0.0933403759137441,1.29277864442589,0.852051221151615
"sensitivity",0.72772,0.107392098671843,0.965,0.544
"threshold",0.435381922125816,0.0780477744280212,0.595887780189514,0.269574046134949
"boyce",0.66786,0.103211099308205,0.922,0.371
"sedi_li",0.55387699594108,0.0304951519930705,0.607739264156331,0.461165039242782
