"","mean","sd","max","min"
"Deviance",1.37864818174313,0.0440862087561473,1.45951265378794,1.28199538316354
"sensitivity",0.71864,0.116186999167335,0.938,0.516
"threshold",0.570582176446915,0.112535479579536,0.82021951675415,0.309096246957779
"boyce",0.79284,0.0899703715403134,0.948,0.57
"sedi_li",0.571752159729044,0.062289474145835,0.768790170828959,0.448928683138412
