"","stat","val"
"1","min",0.00506558734923601
"2","max",0.19621929526329
"3","mean",0.0495050089006675
"4","sd",0.0199748955987775
